{
    "loss": 2.8477611541748047,
    "accuracy": 0.6274510025978088
}