{
    "loss": 8.82125186920166,
    "accuracy": 0.4313725531101227
}