{
    "loss": 8.769573211669922,
    "accuracy": 0.5686274766921997
}